Solution,eBWell Mean,TrueMatrix Mean,Accu-Chek Mean,eBWell CV (%),TrueMatrix CV (%),Accu-Chek CV (%)
C* (110 mg/dL),10.458333333333332,4.828571428571429,5.0636363636363635,17.96008287556179,4.263504205368298,5.319154353915986
F* (1000 mg/dL),3.5999999999999996,4.1,1.55,74.4131548897838,N/A,53.22309105705196
G* (90 mg/dL + Lemon),8.809090909090909,3.8,4.0600000000000005,10.235048342917699,3.223012819451548,10.068774855012078
